;;;;;;
"TABLA DE COEFICIENTES DE CONDUCTIBILIDAD TÉRMICA";;;;;;
"MATERIAL/ESTRUCTURA";"RUBRO";"Densidad (r) kg / m3";"Conductividad térmica (l) kcal.m/m2.h.°C";"Conductividad térmica (l) W/m.k";"Permeabilidad al vapor (d) g/m.h.kPa";"Permeancia al vapor de agua (m o D) g/m2.h.kPa"
"abedul perpendicular a las fibras";"MADERAS";680;0.112;0.130;0.023;
"acero";"METALES";7850;45.000;;0.000;
"acero de construcción";"METALES";7800;49.871;58.000;0.000;
"acero inoxidable";"METALES";8100;12.468;14.500;0.000;
"aglomerados de viruta y fibras de madera con cemento yeso";"PANELES O PLACAS";;0.070;;0.330;
"agua";;1000;0.500;;;
"aire a 0 °C sin convención";;;0.020;;0.626;
"aire a 20 °C sin convención";;;0.022;;0.626;
"albañilería de ladrillos al exterior";"MAMPOSTERÍA";1600;0.750;;0.080;
"albañilería de ladrillos con 0% de humedad";"MAMPOSTERÍA";1600;0.410;;0.080;
"albañilería de ladrillos con 0.9% de humedad";"MAMPOSTERÍA";1600;0.600;;0.080;
"albañilería de ladrillos con 1.3% de humedad";"MAMPOSTERÍA";1600;0.820;;0.080;
"alerce perpendicular a las fibras";"MADERAS";600;0.120;0.140;0.023;
"aluminio";"METALES";2700;175.408;204.000;0.000;
"amianto 1";;470;0.013;;;
"amianto 2";;580;0.167;;;
"amianto 3";;700;0.201;;;
"arce paralelo a las fibras";"MADERAS";700;0.361;0.420;0.023;
"arce perpendicular a las fibras";"MADERAS";;0.138;0.160;0.023;
"arcilla";"ROCAS Y SUELOS NATURALES";1200;0.318;0.370;;
"arena de mar humedad 10%";"MATERIALES PARA RELLENO DE SUELOS DESECADOS AL AIRE, EN FORJADOS";;1.066;1.240;;
"arena de mar humedad 20%";"MATERIALES PARA RELLENO DE SUELOS DESECADOS AL AIRE, EN FORJADOS";;1.505;1.750;;
"arena de mar saturada";"MATERIALES PARA RELLENO DE SUELOS DESECADOS AL AIRE, EN FORJADOS";;2.098;2.440;;
"arena de río humedad 10%";"MATERIALES PARA RELLENO DE SUELOS DESECADOS AL AIRE, EN FORJADOS";;0.800;0.930;;
"arena de río humedad 20%";"MATERIALES PARA RELLENO DE SUELOS DESECADOS AL AIRE, EN FORJADOS";;1.144;1.330;;
"arena de río saturada";"MATERIALES PARA RELLENO DE SUELOS DESECADOS AL AIRE, EN FORJADOS";;1.617;1.880;;
"arena de río seca";"MATERIALES PARA RELLENO DE SUELOS DESECADOS AL AIRE, EN FORJADOS";;0.267;0.310;;
"arena humedad 2%";"MATERIALES PARA RELLENO DE SUELOS DESECADOS AL AIRE, EN FORJADOS";1500;0.499;0.580;;
"arena húmedad 7%";"MATERIALES PARA RELLENO DE SUELOS DESECADOS AL AIRE, EN FORJADOS";1900;1.000;;;
"arena seca";"MATERIALES PARA RELLENO DE SUELOS DESECADOS AL AIRE, EN FORJADOS";1500;0.258;0.300;;
"arena seca al aire";"MATERIALES PARA RELLENO DE SUELOS DESECADOS AL AIRE, EN FORJADOS";1300;0.500;;;
"arena y arcilla";"MATERIALES PARA RELLENO DE SUELOS DESECADOS AL AIRE, EN FORJADOS";2000;2.000;;;
"arena y canto rodado naturalmente húmedos";"MATERIALES PARA RELLENO DE SUELOS DESECADOS AL AIRE, EN FORJADOS";1800;1.200;;;
"arenisca 1";"MATERIALES PARA RELLENO DE SUELOS DESECADOS AL AIRE, EN FORJADOS";2000;1.100;;;
"arenisca 2";"MATERIALES PARA RELLENO DE SUELOS DESECADOS AL AIRE, EN FORJADOS";2200;1.204;1.400;;
"arenisca 3";"MATERIALES PARA RELLENO DE SUELOS DESECADOS AL AIRE, EN FORJADOS";2400;1.806;2.100;;
"asbesto celulósico 1";;1000;0.300;;0.040;
"asbesto celulósico 2";;1400;0.400;;0.026;
"asbesto celulósico 3";;1800;0.600;;0.010;
"asbesto cemento normal 1";;1400;0.550;;0.026;
"asbesto cemento normal 2";;1800;0.800;;0.010;
"asbesto cemento normal 3";;2200;1.100;;0.001;
"aserrín, virutas, fibras con humedad normal";"AISLANTES TÉRMICOS";200;0.060;;;
"asfalto (e mín 7mm y membranas asfálticas)";"MASILLAS Y ADHESIVOS";2000;0.602;0.700;;
"azulejo cerámico";"REVESTIMIENTO";2000;0.900;;0.003;
"baldosas cerámicas";"REVESTIMIENTO";2000;0.750;;0.003;
"baldosas cerámicas";"REVESTIMIENTO";;0.602;0.700;0.003;
"baldosas de cemento comprimido";"REVESTIMIENTO";2000;1.300;;0.002;
"baldosas de corcho";"REVESTIMIENTO";530;0.069;0.080;0.001;
"baldosas de hormigón";"REVESTIMIENTO";2100;0.989;1.150;0.002;
"baldosas de plástico";"REVESTIMIENTO";1000;0.439;0.510;0.001;
"balsa perpendicular a las fibras 1";"MADERAS";"100 a 200";0.040;0.047;0.023;
"balsa perpendicular a las fibras 2";"MADERAS";"200 a 300";0.070;0.081;0.023;
"barrera de vapor plastificado 0.1mm";"PELÍCULAS Y BARRERAS DE VAPOR";;0.350;;;0.290
"barrera de vapor plastificado 0.05mm";"PELÍCULAS Y BARRERAS DE VAPOR";;0.350;;;0.140
"basalto";"ROCAS Y SUELOS NATURALES";3000;3.000;;;
"basalto";"ROCAS Y SUELOS NATURALES";"2800 a 3000";1.118;1.300;;
"bitumen asfáltico 10mm";"MASILLAS Y ADHESIVOS";1050;0.150;;;0.022
"bitumen asfáltico 5mm";"MASILLAS Y ADHESIVOS";;;;;0.065
"bloques de suelo cemento macizos";"LADRILLOS Y BLOQUES";1500;0.275;0.320;;
"bloques o placas de hormigón de virutas de madera y aglomerantes 1";"PANELES O PLACAS";350;0.100;;0.150;
"bloques o placas de hormigón de virutas de madera y aglomerantes 2";"PANELES O PLACAS";450;0.120;;0.150;
"bloques o placas de hormigón de virutas de madera y aglomerantes 3";"PANELES O PLACAS";650;0.240;;0.150;
"bloques o placas de hormigón de virutas de madera y aglomerantes 4";"PANELES O PLACAS";800;0.380;;0.100;
"bloques o placas de hormigón de virutas de madera y aglomerantes 5";"PANELES O PLACAS";1000;0.480;;0.070;
"bloques o placas de hormigón liviano";"PANELES O PLACAS";400;0.120;;0.150;
"bloques o placas de hormigón liviano 1";"PANELES O PLACAS";500;0.160;;0.150;
"bloques o placas de hormigón liviano 2";"PANELES O PLACAS";600;0.200;;0.150;
"bloques o placas de hormigón liviano 3";"PANELES O PLACAS";800;0.250;;0.100;
"bloques o placas de hormigón liviano 4";"PANELES O PLACAS";1000;0.300;;0.070;
"bloques o placas de hormigón liviano 5";"PANELES O PLACAS";1200;0.400;;0.060;
"bloques o placas de hormigón liviano 6";"PANELES O PLACAS";1400;0.500;;0.050;
"bloques o placas de hormigón liviano 7";"PANELES O PLACAS";1600;0.600;;0.047;
"bloques o placas de hormigón liviano 8";"PANELES O PLACAS";1700;0.700;;0.045;
"bloques o placas de hormigón liviano 9";"PANELES O PLACAS";1800;0.800;;0.044;
"bronce";"METALES";8800;36.113;42.000;0.000;
"canto rodado seco al aire";"ROCAS Y SUELOS NATURALES";1500;1.000;;;
"caoba paralela a las fibras";"MADERAS";700;0.027;0.031;0.023;
"caoba perpendicular a las fibras";"MADERAS";;0.129;0.150;0.023;
"cascotes de ladrillos triturados secos al aire";"MATERIALES PARA RELLENO DE SUELOS DESECADOS AL AIRE, EN FORJADOS";1200;0.350;;;
"caucho 1";"REVESTIMIENTO";800;0.095;0.110;0.001;
"caucho 2";"REVESTIMIENTO";1300;0.112;0.130;0.001;
"caucho 3";"REVESTIMIENTO";1500;0.163;0.190;0.001;
"caucho artificial de polisulfuros (Thiokol) 0.5mm";"MASILLAS Y ADHESIVOS";;;;;0.001
"cemento en polvo";;1200;0.060;;;
"cemento fraguado";;2700;0.800;;;
"chapas metálicas (ver metales)";"CUBIERTAS";;0.000;;;
"cielorraso con mortero de cemento";"MORTEROS, HORMIGONES Y YESO";1900;0.000;;0.047;
"cielorraso con mortero de yeso";"MORTEROS, HORMIGONES Y YESO";1200;0.000;;0.110;
"cinc";"METALES";7000;95.000;;0.000;
"cobre";"METALES";8900;330.181;384.000;0.000;
"corcho granulado (1 a 2 mm)";"AISLANTES TÉRMICOS";;0.027;;;
"corcho granulado (3 a 5 mm)";"AISLANTES TÉRMICOS";;0.031;;;
"corcho granulado mezclado";"AISLANTES TÉRMICOS";;0.038;;;
"cuarcita";"ROCAS Y SUELOS NATURALES";2800;5.159;6.000;;
"dos capas al agua tipo emulsión";"PINTURAS";;;;;16.000
"dos capas aluminizada sobre madera";"PINTURAS";;;;;0.660
"dos capas asfáltica sobre madera terciada";"PINTURAS";;;;;0.080
"dos capas esmalte sobre revestimiento liso";"PINTURAS";;;;;0.100
"dos capas imprimación y pintura al óleo liviana sobre revestimiento";"PINTURAS";;;;;0.620
"dos capas selladora sobre tablero aislante";"PINTURAS";;;;;0.190
"duraluminio";;2800;140.000;;;
"ebonita";;1190;0.140;;;
"enlucido de yeso 1";"MORTEROS, HORMIGONES Y YESO";800;0.344;0.400;0.110;
"enlucido de yeso 2";"MORTEROS, HORMIGONES Y YESO";1000;0.421;0.490;0.110;
"enlucido de yeso 3";"MORTEROS, HORMIGONES Y YESO";1200;0.550;0.640;0.110;
"escorias porosas 1";"MATERIALES PARA RELLENO DE SUELOS DESECADOS AL AIRE, EN FORJADOS";800;0.206;0.240;;
"escorias porosas 2";"MATERIALES PARA RELLENO DE SUELOS DESECADOS AL AIRE, EN FORJADOS";100;0.249;0.290;;
"escorias porosas 3";"MATERIALES PARA RELLENO DE SUELOS DESECADOS AL AIRE, EN FORJADOS";1200;0.284;0.330;;
"escorias porosas 4";"MATERIALES PARA RELLENO DE SUELOS DESECADOS AL AIRE, EN FORJADOS";1400;0.353;0.410;;
"espuma de poliuretano flexible (poros abiertos)";"AISLANTES TÉRMICOS";;0.000;;0.400;
"espuma de poliuretano rígido en planchas (poros cerrados)";"AISLANTES TÉRMICOS";;0.000;;0.008;
"fibra de caña afieltrada ";;200;0.040;;;
"fibra de caña conífera";;250;0.040;;;
"fibrocemento";;;0.800;;;
"fieltro alquitranado";"PELÍCULAS Y BARRERAS DE VAPOR";;0.146;0.170;;2.280
"fieltro asfáltico";"PELÍCULAS Y BARRERAS DE VAPOR";;0.146;0.170;;0.670
"fieltro bituminado con hoja de aluminio";"PELÍCULAS Y BARRERAS DE VAPOR";;0.146;0.170;;0.030
"fieltro saturado y revestido en rollos pesados para cubiertas";"PELÍCULAS Y BARRERAS DE VAPOR";;0.146;0.170;;0.030
"fieltros saturados con asfalto";"MASILLAS Y ADHESIVOS";1100;0.160;;;
"fresno paralelo a las fibras";"MADERAS";740;0.258;0.300;0.023;
"fresno perpendicular a las fibras";"MADERAS";740;0.146;0.170;0.023;
"fundición";"METALES";7200;42.992;50.000;0.000;
"granito";"ROCAS Y SUELOS NATURALES";"2600 a 2900";2.494;2.900;;
"granito 1";"ROCAS Y SUELOS NATURALES";2600;2.700;;;
"granito 2";"ROCAS Y SUELOS NATURALES";3000;3.500;;;
"grava";"MATERIALES PARA RELLENO DE SUELOS DESECADOS AL AIRE, EN FORJADOS";"1500 a 1800";0.800;0.930;;
"haya paralelo a las fibras";"MADERAS";"700 a 900";0.301;0.350;0.023;
"haya perpendicular a las fibras";"MADERAS";;0.181;0.210;0.023;
"hielo 2";"VARIOS";917;1.900;2.210;;
"hierro laminado";"METALES";7850;62.000;;0.000;
"hoja de aluminio 25mm";"PELÍCULAS Y BARRERAS DE VAPOR";;175.408;204.000;;0.000
"hoja de aluminio 8mm";"PELÍCULAS Y BARRERAS DE VAPOR";;175.408;;;0.011
"hormigón armado";"HORMIGÓN";2400;1.300;;0.020;
"hormigón celular 1";"HORMIGONES NORMALES Y LIVIANOS";600;0.138;0.160;0.110;
"hormigón celular 2";"HORMIGONES NORMALES Y LIVIANOS";800;0.189;0.220;0.110;
"hormigón celular 3";"HORMIGONES NORMALES Y LIVIANOS";1000;0.258;0.300;0.110;
"hormigón celular 4";"HORMIGONES NORMALES Y LIVIANOS";1200;0.344;0.400;0.110;
"hormigón celular 5";"HORMIGONES NORMALES Y LIVIANOS";1400;0.430;0.500;0.110;
"hormigón con carbón";"HORMIGONES NORMALES Y LIVIANOS";600;0.112;0.130;0.150;
"hormigón con cáscara de arroz y canto rodado 1";"HORMIGONES NORMALES Y LIVIANOS";1100;0.318;0.370;0.070;
"hormigón con cáscara de arroz y canto rodado 2";"HORMIGONES NORMALES Y LIVIANOS";1300;0.387;0.450;0.060;
"hormigón con cáscara de arroz y canto rodado 3";"HORMIGONES NORMALES Y LIVIANOS";1600;0.542;0.630;0.050;
"hormigón con cáscara de arroz y canto rodado 4";"HORMIGONES NORMALES Y LIVIANOS";2000;0.937;1.090;0.030;
"hormigón con fibras celulósicas 1";"HORMIGONES NORMALES Y LIVIANOS";300;0.077;0.090;0.240;
"hormigón con fibras celulósicas 2";"HORMIGONES NORMALES Y LIVIANOS";400;0.120;0.140;0.210;
"hormigón con fibras de vidrio (resistente a los álcalis)";"HORMIGONES NORMALES Y LIVIANOS";2100;0.954;1.110;0.026;
"hormigón con poliestireno expandido 1";"HORMIGONES NORMALES Y LIVIANOS";300;0.077;0.090;0.240;
"hormigón con poliestireno expandido 2";"HORMIGONES NORMALES Y LIVIANOS";500;0.129;0.150;0.180;
"hormigón con poliestireno expandido 3";"HORMIGONES NORMALES Y LIVIANOS";1000;0.224;0.260;0.070;
"hormigón con poliestireno expandido 4";"HORMIGONES NORMALES Y LIVIANOS";1300;0.301;0.350;0.065;
"hormigón con vermiculita 1";"HORMIGONES NORMALES Y LIVIANOS";600;0.120;0.140;0.150;
"hormigón con vermiculita 2";"HORMIGONES NORMALES Y LIVIANOS";600;0.138;0.160;0.150;
"hormigón con viruta de madera 1";"HORMIGONES NORMALES Y LIVIANOS";400;0.120;0.140;0.210;
"hormigón con viruta de madera 2";"HORMIGONES NORMALES Y LIVIANOS";500;0.138;0.160;0.180;
"hormigón de arcilla expandida 1";"HORMIGONES NORMALES Y LIVIANOS";700;0.189;0.220;0.120;
"hormigón de arcilla expandida 2";"HORMIGONES NORMALES Y LIVIANOS";800;0.249;0.290;0.100;
"hormigón de arcilla expandida 3";"HORMIGONES NORMALES Y LIVIANOS";900;0.301;0.350;0.080;
"hormigón de arcilla expandida 4";"HORMIGONES NORMALES Y LIVIANOS";1000;0.361;0.420;0.070;
"hormigón de arcilla expandida 5";"HORMIGONES NORMALES Y LIVIANOS";1400;0.490;0.570;0.110;
"hormigón de arcilla expandida 6";"HORMIGONES NORMALES Y LIVIANOS";1600;0.765;0.890;0.050;
"hormigón de canto rodado o piedra para estructura";"HORMIGÓN";2200;1.000;;0.022;
"hormigón de ladrillo triturado 1";"HORMIGONES NORMALES Y LIVIANOS";1600;0.653;0.760;0.050;
"hormigón de ladrillo triturado 2";"HORMIGONES NORMALES Y LIVIANOS";1800;0.800;0.930;0.044;
"hormigón de pómez 1";"HORMIGONES NORMALES Y LIVIANOS";500;0.130;;0.150;
"hormigón de pómez 2";"HORMIGONES NORMALES Y LIVIANOS";1100;0.500;;0.050;
"hormigón normal con agregados pétreos 1";"HORMIGONES NORMALES Y LIVIANOS";1800;0.834;0.970;0.044;
"hormigón normal con agregados pétreos 2";"HORMIGONES NORMALES Y LIVIANOS";1900;0.937;1.090;0.038;
"hormigón normal con agregados pétreos 3";"HORMIGONES NORMALES Y LIVIANOS";2000;0.997;1.160;0.030;
"hormigón normal con agregados pétreos 4";"HORMIGONES NORMALES Y LIVIANOS";2200;1.204;1.400;0.022;
"hormigón normal con agregados pétreos 5";"HORMIGONES NORMALES Y LIVIANOS";2400;1.402;1.630;0.020;
"hormigón normal con agregados pétreos 6";"HORMIGONES NORMALES Y LIVIANOS";2500;1.496;1.740;0.018;
"hormigón normal con escoria de alto horno";"HORMIGONES NORMALES Y LIVIANOS";"2200 a 2400";1.204;1.400;0.020;
"hormigón pobre cal/arena/polvo ladrillo/cascote";"HORMIGONES NORMALES Y LIVIANOS";1600;0.650;;0.050;
"hormigón pobre cal/arena/polvo ladrillo/cascote 2";"HORMIGONES NORMALES Y LIVIANOS";1800;0.800;;0.044;
"hormigón poroso";"HORMIGONES NORMALES Y LIVIANOS";1200;0.260;;0.060;
"hormigón poroso 1";"HORMIGONES NORMALES Y LIVIANOS";200;0.040;;0.270;
"hormigón poroso 2";"HORMIGONES NORMALES Y LIVIANOS";400;0.070;;0.210;
"hormigón poroso 3";"HORMIGONES NORMALES Y LIVIANOS";600;0.110;;0.150;
"hormigón poroso 4";"HORMIGONES NORMALES Y LIVIANOS";800;0.150;;0.100;
"hormigón poroso 5";"HORMIGONES NORMALES Y LIVIANOS";1000;0.210;;0.070;
"hormigón refractario";"HORMIGONES NORMALES Y LIVIANOS";900;0.155;0.180;0.080;
"hormigón y mortero de vermiculita";"HORMIGONES NORMALES Y LIVIANOS";300;0.100;;0.240;
"hormigón y mortero de vermiculita 2";"HORMIGONES NORMALES Y LIVIANOS";450;0.200;;0.220;
"hormigón y mortero de vermiculita 3";"HORMIGONES NORMALES Y LIVIANOS";650;0.140;;0.150;
"Hule";"PELÍCULAS Y BARRERAS DE VAPOR";;0.500;;;0.015
"ladrillos cerámicos macizos 1";"LADRILLOS Y BLOQUES";1600;0.696;0.810;;
"ladrillos cerámicos macizos 2";"LADRILLOS Y BLOQUES";1800;0.782;0.910;;
"ladrillos cerámicos macizos 3";"LADRILLOS Y BLOQUES";2000;0.946;1.100;;
"lámina de papel embreado y revestido";"PELÍCULAS Y BARRERAS DE VAPOR";;0.146;0.170;;0.230
"laminado plástico decorativo en ambas caras";"MADERAS";1400;0.378;0.440;0.003;
"laminado plástico decorativo en una cara";"MADERAS";1400;0.421;0.490;0.003;
"lana de escorias";"AISLANTES TÉRMICOS";360;0.050;;;
"lana de vidrio 1";"AISLANTES TÉRMICOS";"8 a 10";0.039;0.045;0.500;
"lana de vidrio 2";"AISLANTES TÉRMICOS";"11 a 14";0.037;0.043;0.500;
"lana de vidrio 3";"AISLANTES TÉRMICOS";"15 a 18";0.034;0.040;0.500;
"lana de vidrio 4";"AISLANTES TÉRMICOS";"19 a 30";0.032;0.037;0.500;
"lana de vidrio 5";"AISLANTES TÉRMICOS";"31 a 45";0.029;0.034;0.500;
"lana de vidrio 6";"AISLANTES TÉRMICOS";"46 a 100";0.028;0.033;0.500;
"lana de vidrio perpendicular a las fibras 1";"AISLANTES TÉRMICOS";220;0.043;;0.500;
"lana de vidrio perpendicular a las fibras 2";"AISLANTES TÉRMICOS";410;0.064;;0.500;
"lana mineral 1";"AISLANTES TÉRMICOS";"30 a 50";0.036;0.042;0.600;
"lana mineral 2";"AISLANTES TÉRMICOS";"51 a 70";0.034;0.040;0.600;
"lana mineral 3";"AISLANTES TÉRMICOS";"71 a 150";0.033;0.038;0.600;
"latón";"METALES";8600;94.583;110.000;0.000;
"madera de pino expuesta a la lluvia, perpendicular a las fibras";"MADERAS";;0.180;;0.023;
"madera de pino protegida";"MADERAS";;0.120;;0.023;
"madera de pino protegida paralela a las fibras";"MADERAS";;0.300;;0.023;
"madera dura";"MADERAS";"1200 a 1400";0.292;0.340;0.007;
"madera enchapada";"MADERAS";600;0.129;0.150;0.010;
"madera natural con 15% de humedad 1";"MADERAS";250;0.100;;0.023;
"madera natural con 15% de humedad 2";"MADERAS";450;0.130;;0.023;
"madera natural con 15% de humedad 3";"MADERAS";600;0.200;;0.023;
"madera natural con 15% de humedad 4";"MADERAS";800;0.250;;0.023;
"madera terciada";"MADERAS";600;0.095;0.110;0.002;
"mampostería de bloques de hormigón liviano 1";"MAMPOSTERÍA";600;0.300;;;
"mampostería de bloques de hormigón liviano 2";"MAMPOSTERÍA";800;0.380;;;
"mampostería de bloques de hormigón liviano 3";"MAMPOSTERÍA";1000;0.480;;;
"mampostería de bloques de hormigón liviano 4";"MAMPOSTERÍA";1200;0.600;;;
"mampostería de bloques huecos de 2 cámaras con bloques de hormigón liviano";"MAMPOSTERÍA";1000;0.400;;;
"mampostería de bloques huecos de 2 cámaras con bloques de hormigón liviano";"MAMPOSTERÍA";1200;0.420;;;
"mampostería de bloques huecos de 3 cámaras con bloques de hormigón liviano";"MAMPOSTERÍA";1400;0.480;;;
"mampostería de bloques huecos de 3 cámaras con bloques de hormigón liviano";"MAMPOSTERÍA";1400;0.420;;;
"mampostería de bloques huecos de 3 cámaras con bloques de hormigón liviano";"MAMPOSTERÍA";1600;0.480;;;
"mampostería de ladrillos comunes sin riesgos de condensación (interior)";"MAMPOSTERÍA";1600;0.600;;0.080;
"mampostería de ladrillos huecos incluido agujeros 1";"MAMPOSTERÍA";1000;0.400;;0.100;
"mampostería de ladrillos huecos incluido agujeros 2";"MAMPOSTERÍA";1200;0.450;;0.100;
"mampostería de ladrillos huecos incluido agujeros 3";"MAMPOSTERÍA";1400;0.520;;0.100;
"mampostería de ladrillos silico calcáreos (exterior)";"MAMPOSTERÍA";1800;0.900;;;
"mampostería de ladrillos silico calcáreos (interior)";"MAMPOSTERÍA";1800;0.800;;;
"mármol";"ROCAS Y SUELOS NATURALES";"2500 a 2800";;2.100;;
"mármol 1";"ROCAS Y SUELOS NATURALES";2600;1.800;;;
"mármol 2";"ROCAS Y SUELOS NATURALES";3000;3.000;;;
"mastic de asfalto y arena";"MASILLAS Y ADHESIVOS";2100;0.600;;;
"mortero con perlita humedad 12%";"MORTEROS, HORMIGONES Y YESO";600;;0.190;;
"mortero de cal y cemento";"MORTEROS, HORMIGONES Y YESO";1800;1.200;;0.044;
"mortero de cal y cemento con impermeabilizantes de cal";"MORTEROS, HORMIGONES Y YESO";1700;0.600;;0.037;
"mortero de cal y cemento con siliconas";"MORTEROS, HORMIGONES Y YESO";2100;1.200;;0.027;
"mortero de cal y yeso";"MORTEROS, HORMIGONES Y YESO";1400;;0.700;0.050;
"mortero de cemento";"MORTEROS, HORMIGONES Y YESO";2000;0.750;;0.022;
"mortero de cemento y arena 1:3 humedad 0%";"MORTEROS, HORMIGONES Y YESO";1900;0.765;0.890;0.022;
"mortero de cemento y arena 1:3 humedad 10%";"MORTEROS, HORMIGONES Y YESO";2100;1.118;1.300;0.022;
"mortero de cemento y arena 1:3 humedad 6%";"MORTEROS, HORMIGONES Y YESO";200;0.972;1.130;0.022;
"mortero de cemento y arena 1:4 humedad 0%";"MORTEROS, HORMIGONES Y YESO";1950;0.791;0.920;0.022;
"mortero de cemento y arena 1:4 humedad 5%";"MORTEROS, HORMIGONES Y YESO";2000;0.946;1.100;0.022;
"mortero de yeso";"MORTEROS, HORMIGONES Y YESO";1200;0.000;;0.070;
"mortero de yeso y arena";"MORTEROS, HORMIGONES Y YESO";1500;0.559;0.650;0.065;
"mortero para revoques y juntas, que pueden humedecerse por condensación u otras causas";"MORTEROS, HORMIGONES Y YESO";1800;1.000;;0.044;
"morteros para revoque y juntas (exterior)";"MORTEROS, HORMIGONES Y YESO";"1800 a 2000";0.997;1.160;0.044;
"morteros para revoque y juntas (interior)";"MORTEROS, HORMIGONES Y YESO";1900;0.800;0.930;0.044;
"nieve 1";"VARIOS";150;0.103;0.120;;
"nieve 2";"VARIOS";300;0.198;0.230;;
"nieve 3";"VARIOS";500;0.404;0.470;;
"nogal";"MADERAS";700;0.232;0.270;0.023;
"ónix";"ROCAS Y SUELOS NATURALES";;2.322;2.700;;
"paneles de agramiza de lino 1";"PANELES O PLACAS";230;0.063;;0.003;
"paneles de agramiza de lino 2";"PANELES O PLACAS";320;0.072;;0.003;
"paneles de agramiza de lino 3";"PANELES O PLACAS";410;0.090;;0.003;
"paneles de agramiza de lino 4";"PANELES O PLACAS";500;0.100;;0.003;
"paneles de agramiza de lino 5";"PANELES O PLACAS";600;0.120;;0.003;
"paneles de corcho comprimido";"PANELES O PLACAS";500;0.085;;0.001;
"paneles de corcho expandido y aglomerado 1";"PANELES O PLACAS";100;0.037;;0.001;
"paneles de corcho expandido y aglomerado 2";"PANELES O PLACAS";150;0.041;;0.001;
"paneles de fibra de madera afieltradas";"PANELES O PLACAS";200;0.050;;0.003;
"paneles de fibra de madera aglomerada";"PANELES O PLACAS";550;0.140;;0.003;
"paneles de fibra de madera comprimidas";"PANELES O PLACAS";850;0.180;;0.007;
"paneles o placas de yeso 1";"PANELES O PLACAS";1000;0.400;;0.110;
"paneles o placas de yeso 2";"PANELES O PLACAS";1200;0.500;;0.110;
"paneles o placas de yeso poroso o con agregados livianos 1";"PANELES O PLACAS";600;0.250;;0.110;
"paneles o placas de yeso poroso o con agregados livianos 2";"PANELES O PLACAS";700;0.280;;0.110;
"paneles o placas de yeso poroso o con agregados livianos 3";"PANELES O PLACAS";900;0.350;;0.110;
"papel Kraft (500 g/m2)";"PELÍCULAS Y BARRERAS DE VAPOR";;175.408;;;7.600
"papel Kraft y láminas de asfalto reforzado";"PELÍCULAS Y BARRERAS DE VAPOR";;175.408;;;0.150
"parquet 1";"REVESTIMIENTO";500;0.146;0.170;0.023;
"parquet 2";"REVESTIMIENTO";700;0.198;0.230;0.023;
"película plástica tipo ""MYLAR""";"PELÍCULAS Y BARRERAS DE VAPOR";;0.350;;;0.010
"perlita mortero de perlita con cemento 1";"AISLANTES TÉRMICOS";300;0.155;0.180;;
"perlita mortero de perlita con cemento 2";"AISLANTES TÉRMICOS";400;0.076;0.088;;
"perlita mortero de perlita con cemento 3";"AISLANTES TÉRMICOS";500;0.080;0.093;;
"perlita mortero de perlita con cemento 4";"AISLANTES TÉRMICOS";600;0.103;0.120;;
"perlita mortero de perlita con cemento 5";"AISLANTES TÉRMICOS";700;0.138;0.160;;
"perlita mortero de perlita con yeso 1";"AISLANTES TÉRMICOS";400;0.046;0.054;;
"perlita mortero de perlita con yeso 2";"AISLANTES TÉRMICOS";500;0.086;0.100;;
"perlita mortero de perlita con yeso 3";"AISLANTES TÉRMICOS";600;0.103;0.120;;
"perlita mortero de perlita con yeso 4";"AISLANTES TÉRMICOS";700;0.120;0.140;;
"perlita suelta (granulado volcánico expandido)";"AISLANTES TÉRMICOS";"30 a 130";0.046;0.054;;
"piedra calcárea 1";"ROCAS Y SUELOS NATURALES";1900;1.300;;;
"piedra calcárea 2";"ROCAS Y SUELOS NATURALES";2500;1.900;;;
"piedra caliza compacta";"ROCAS Y SUELOS NATURALES";2000;0.997;1.160;;
"piedra caliza porosa";"ROCAS Y SUELOS NATURALES";1700;0.800;0.930;;
"piedra pómez 1";"ROCAS Y SUELOS NATURALES";600;0.163;0.190;;
"piedra pómez 2";"ROCAS Y SUELOS NATURALES";800;0.232;0.270;;
"piedra pómez 3";"ROCAS Y SUELOS NATURALES";1000;0.301;0.350;;
"piedra pómez 4";"ROCAS Y SUELOS NATURALES";1400;0.499;0.580;;
"piedra pómez seca al aire";"ROCAS Y SUELOS NATURALES";1300;0.160;;;
"piedra pómez suelta";"ROCAS Y SUELOS NATURALES";300;0.075;;;
"piedra pómez suelta 2";"ROCAS Y SUELOS NATURALES";600;0.150;;;
"piedra toba (purmicita)";"ROCAS Y SUELOS NATURALES";1400;0.327;0.380;;
"piedras naturales porosas";"ROCAS Y SUELOS NATURALES";2000;2.000;;;
"pino spruce, abeto paralelo a las fibras";"MADERAS";"400 a 600";0.241;0.280;0.023;
"pino spruce, abeto perpendicular a las fibras";"MADERAS";;0.112;0.130;0.023;
"pizarra natural (perpendicular a los estratos)";"ROCAS Y SUELOS NATURALES";2700;1.500;;;
"pizarra natural paralelo a los estratos)";"ROCAS Y SUELOS NATURALES";2700;2.400;;;
"placas de fibrocemento 1";"PANELES O PLACAS";600;0.129;0.150;0.060;
"placas de fibrocemento 10";"PANELES O PLACAS";"1800 a 2200";0.817;0.950;0.010;
"placas de fibrocemento 2";"PANELES O PLACAS";700;0.224;0.260;0.054;
"placas de fibrocemento 3";"PANELES O PLACAS";800;0.258;0.300;0.050;
"placas de fibrocemento 4";"PANELES O PLACAS";1200;0.335;0.390;0.034;
"placas de fibrocemento 5";"PANELES O PLACAS";1300;0.387;0.450;0.030;
"placas de fibrocemento 6";"PANELES O PLACAS";1400;0.439;0.510;0.026;
"placas de fibrocemento 7";"PANELES O PLACAS";1500;0.499;0.580;0.022;
"placas de fibrocemento 8";"PANELES O PLACAS";1700;0.602;0.700;0.014;
"placas de fibrocemento 9";"PANELES O PLACAS";1800;0.748;0.870;0.010;
"placas de turba, fibras de paja, celulosa, etc. 1";"PANELES O PLACAS";200;0.040;;;
"placas de turba, fibras de paja, celulosa, etc. 2";"PANELES O PLACAS";300;0.050;;;
"placas de turba, fibras de paja, celulosa, etc. 3";"PANELES O PLACAS";400;0.060;;;
"placas de yeso 1";"PANELES O PLACAS";600;0.267;0.310;0.110;
"placas de yeso 2";"PANELES O PLACAS";800;0.318;0.370;0.110;
"placas de yeso 3";"PANELES O PLACAS";1000;0.378;0.440;0.110;
"placas de yeso 4";"PANELES O PLACAS";1200;0.439;0.510;0.110;
"plásticos expandidos 1";"AISLANTES TÉRMICOS";10;0.032;;0.008;
"plásticos expandidos 2";"AISLANTES TÉRMICOS";25;0.034;;0.008;
"plásticos expandidos 3";"AISLANTES TÉRMICOS";50;0.036;;0.008;
"plomo";"METALES";11420;30.000;;0.000;
"policarbonato";"PLÁSTICOS RÍGIDOS EN PLANCHAS";1150;0.198;0.230;;
"policloruro de vinilo rígido";"PLÁSTICOS RÍGIDOS EN PLANCHAS";1350;0.138;0.160;;
"poliéster 25mm";"PELÍCULAS Y BARRERAS DE VAPOR";;0.350;;;0.150
"poliestireno";"PLÁSTICOS RÍGIDOS EN PLANCHAS";1050;0.146;0.170;;
"poliestireno alta densidad";"PLÁSTICOS RÍGIDOS EN PLANCHAS";960;0.430;0.500;;
"poliestireno baja densidad";"PLÁSTICOS RÍGIDOS EN PLANCHAS";920;0.301;0.350;;
"poliestireno expandido en planchas 1";"AISLANTES TÉRMICOS";15;0.032;0.037;0.008;
"poliestireno expandido en planchas 2";"AISLANTES TÉRMICOS";20;0.030;0.035;0.008;
"poliestireno expandido en planchas 3";"AISLANTES TÉRMICOS";25;0.028;0.033;0.008;
"poliestireno expandido en planchas 4";"AISLANTES TÉRMICOS";30;0.028;0.032;0.008;
"polietileno 0.05mm";"PELÍCULAS Y BARRERAS DE VAPOR";;0.350;;;0.033
"polietileno 0.1mm";"PELÍCULAS Y BARRERAS DE VAPOR";;0.350;;;0.016
"polietileno 0.15mm";"PELÍCULAS Y BARRERAS DE VAPOR";;0.350;;;0.012
"polietileno 0.2mm";"PELÍCULAS Y BARRERAS DE VAPOR";;0.350;;;0.008
"polietileno 0.25mm";"PELÍCULAS Y BARRERAS DE VAPOR";;0.350;;;0.006
"polipropileno";"PLÁSTICOS RÍGIDOS EN PLANCHAS";915;0.206;0.240;;
"poliuretano (espumas rígidas) entre chapas o placas que hacen de barrera de vapor";"AISLANTES TÉRMICOS";"30 a 60";0.019;0.022;;
"poliuretano (espumas rígidas) placas aislantes sin protección";"AISLANTES TÉRMICOS";"31 a 60";0.023;0.027;;
"poliuretano (espumas rígidas) proyectadas in situ, protegidas entre barreras de vapor";"AISLANTES TÉRMICOS";"32 a 60";0.019;0.022;;
"poliuretano (espumas rígidas) proyectadas in situ, protegidas entre frenos de vapor";"AISLANTES TÉRMICOS";"33 a 60";0.021;0.024;;
"pórfido";"ROCAS Y SUELOS NATURALES";2600;2.000;;;
"resina acrílica";"PLÁSTICOS RÍGIDOS EN PLANCHAS";1140;0.172;0.200;;
"resina epoxi 2mm";"MASILLAS Y ADHESIVOS";;;;;0.160
"roble";"MADERAS";650;0.206;0.240;0.023;
"rocas y terrenos";"ROCAS Y SUELOS NATURALES";1200;0.267;0.310;;
"suelo natural";"ROCAS Y SUELOS NATURALES";"1600 a 1900";0.241;0.280;;
"suelos arcillosos naturalmente húmedos";"ROCAS Y SUELOS NATURALES";1700;1.800;;;
"sustancias orgánicas fibrosas sueltas";;100;0.033;;;
"tableros de fibra de madera 1";"MADERAS";200;0.040;0.047;0.003;
"tableros de fibra de madera 2";"MADERAS";300;0.046;0.054;0.003;
"tableros de fibra de madera 3";"MADERAS";350;0.048;0.056;0.003;
"tableros de partículas aglomeradas 1";"MADERAS";200;0.052;0.060;0.003;
"tableros de partículas aglomeradas 2";"MADERAS";300;0.059;0.069;0.003;
"tableros de partículas aglomeradas 3";"MADERAS";400;0.067;0.078;0.003;
"tableros de partículas aglomeradas 4";"MADERAS";500;0.075;0.087;0.003;
"tableros de partículas aglomeradas 5";"MADERAS";600;0.077;0.090;0.003;
"tableros de partículas aglomeradas 6";"MADERAS";700;0.095;0.110;0.003;
"tableros de partículas aglomeradas 7";"MADERAS";800;0.112;0.130;0.003;
"tableros de partículas aglomeradas 8";"MADERAS";900;0.129;0.150;0.003;
"tableros de partículas aglomeradas 9";"MADERAS";1000;0.146;0.170;0.003;
"tableros de partículas de lino 1";"MADERAS";300;0.063;0.073;0.003;
"tableros de partículas de lino 2";"MADERAS";400;0.070;0.081;0.003;
"tableros de partículas de lino 3";"MADERAS";500;0.095;0.110;0.003;
"tableros de partículas de lino 4";"MADERAS";600;0.010;0.012;0.003;
"tableros de partículas de lino 5";"MADERAS";700;0.129;0.150;0.003;
"tableros lignocelulósicos de partículas aglomeradas mediante resinas sintéticas";"MADERAS";100;0.021;0.024;0.001;
"teca paralela a las fibras";"MADERAS";720;0.138;0.160;0.023;
"teca perpendicular a las fibras";"MADERAS";;0.120;0.140;0.023;
"techado y fieltro asfáltico";"CUBIERTAS";"1100 a 1200";0.146;0.170;;
"tejas curvas";"CUBIERTAS";;0.602;0.700;;
"tejas planas";"CUBIERTAS";;0.396;0.460;;
"tres capas copolímero de cloruro de viniloacetato de vinilo más ácido maleico";"PINTURAS";;;;;0.100
"tres capas látex";"PINTURAS";;;;;1.130
"tres capas mastic asfáltico";"PINTURAS";;;;;0.100
"tres capas mastic polietileno cloro-sulfonado";"PINTURAS";;;;;0.012
"tres capas pintura a base de siliconas";"PINTURAS";;;;;3.750
"tres capas pintura a la cal";"PINTURAS";;;;;75.000
"tres capas pintura esmalte aplicada sobre enlucido";"PINTURAS";;;;;0.400
"tres capas pintura exterior al óleo sobre madera";"PINTURAS";;;;;0.210
"tres capas pintura tipo ""epoxi""";"PINTURAS";;;;;1.130
"tres capas poliisocianato más poliester";"PINTURAS";;;;;0.400
"tres capas resina acrílica";"PINTURAS";;;;;3.860
"tres capas resina acrílica de estireno (pintura texturada)";"PINTURAS";;;;;5.000
"tres capas resina acrílica de vinil-tolueno";"PINTURAS";;;;;1.200
"tres capas resinas de poliuretano";"PINTURAS";;;;;1.760
"tres capas terpolímero de acetato, cloruro y laurato de vinilo";"PINTURAS";;;;;9.000
"una capa bituminosa en frío 0.1mm";"PINTURAS";;;;;1.080
"vermiculita con cemento 1";"AISLANTES TÉRMICOS";400;0.095;0.110;;
"vermiculita con cemento 2";"AISLANTES TÉRMICOS";500;0.112;0.130;;
"vermiculita con cemento 3";"AISLANTES TÉRMICOS";600;0.146;0.170;;
"vermiculita con cemento 4";"AISLANTES TÉRMICOS";700;0.172;0.200;;
"vermiculita con cemento 5";"AISLANTES TÉRMICOS";800;0.206;0.240;;
"vermiculita suelta 1";"AISLANTES TÉRMICOS";"80 a 130";0.060;0.070;;
"vermiculita suelta 2";"AISLANTES TÉRMICOS";150;0.070;;;
"vermiculita y yeso (placas o revoque) 1";"AISLANTES TÉRMICOS";200;0.095;0.110;;
"vermiculita y yeso (placas o revoque) 2";"AISLANTES TÉRMICOS";400;0.112;0.130;;
"vermiculita y yeso (placas o revoque) 3";"AISLANTES TÉRMICOS";500;0.129;0.150;;
"vermiculita y yeso (placas o revoque) 4";"AISLANTES TÉRMICOS";600;0.163;0.190;;
"vermiculita y yeso (placas o revoque) 5";"AISLANTES TÉRMICOS";700;0.189;0.220;;
"vermiculita y yeso (placas o revoque) 6";"AISLANTES TÉRMICOS";800;0.224;0.260;;
"vermiculita y yeso (placas o revoque) 7";"AISLANTES TÉRMICOS";900;0.249;0.290;;
"vermiculita y yeso (placas o revoque) 8";"AISLANTES TÉRMICOS";1000;0.292;0.340;;
"vidrio";"VIDRIO";1400;0.700;;0.064;
"vidrio armado con malla metálica";"VIDRIO";2700;0.903;1.050;0.064;
"vidrio para ventanas";"VIDRIO";"2400 a 3200";0.499;0.580;0.064;
"vidrio resistente al calor";"VIDRIO";2200;0.860;1.000;0.064;
;;;;;;
;;;;;;
;;;;;;
"los datos en azul y negrita corresponden a datos de las tablas 6 y 11 de la norma IRAM 11601";;;;;;
"los datos en gris corresponden a otras fuentes";;;;;;
